,id,source patient,type,process time,cycle time
0,1,1,4,56.9342098353772,56.93420983537721
0,3,1,2,52.24654268344573,52.24654268344572
0,2,0,4,49.20176414203417,59.96470896277967
0,5,1,2,52.24654268344573,52.24654268344572
0,4,1,4,61.690208599153074,97.14292800695536
0,6,0,2,47.0787069217742,47.07870692177421
0,8,1,4,53.95776290581004,69.6214664771221
0,12,1,2,47.0787069217742,47.0787069217742
0,9,1,4,55.86396902870757,85.00238135466707
0,7,1,1,74.04650809206908,120.34107471246648
0,16,1,2,50.333153950102336,50.33315395010234
0,11,1,4,55.86396902870757,121.5709216199503
0,18,1,2,50.333153950102336,50.33315395010234
0,13,1,4,57.969712870225955,138.814894379156
0,15,1,4,57.969712870225955,142.79372195385147
0,14,1,3,94.62515200917535,155.72850770936748
0,17,1,4,55.26630486203207,145.2112781027853
0,25,1,2,53.33316023003941,53.333160230039425
0,10,0,4,55.26630486203207,148.72401018893424
0,28,1,2,53.33316023003941,53.33316023003948
0,20,0,4,57.15584377688279,161.88158515284331
0,21,1,4,57.15584377688279,184.80998047142225
0,33,1,2,49.601772593293255,49.601772593293276
0,35,1,2,49.601772593293255,49.601772593293276
0,19,1,1,74.04650809206908,216.21877049689198
0,23,1,4,57.871275472550245,218.6541443854185
0,36,1,2,50.78571531577067,50.78571531577069
0,22,0,4,57.871275472550245,236.79367420425433
0,39,1,2,50.78571531577067,50.78571531577069
0,24,1,1,80.13910493853594,268.76451593501184
0,27,1,4,54.33696487164209,223.78139863456
0,26,0,4,54.33696487164209,242.59830386914638
0,30,1,4,53.11459643322095,257.39669602762945
0,29,0,4,53.11459643322095,265.3409592910689
0,32,1,1,80.13910493853594,291.8126617936144
0,31,1,3,94.62515200917535,307.10243200134937
0,34,0,4,58.36310435472966,277.37470538104765
0,38,1,4,58.36310435472966,286.76411474677593
0,58,1,2,50.23279614620461,50.23279614620469
0,40,1,4,58.46198497953786,260.5718409009067
0,60,1,2,50.23279614620461,50.23279614620469
0,41,1,4,58.46198497953786,282.86743809787066
0,42,1,1,76.48992285557648,307.40758295623823
0,43,1,4,54.78496464132766,284.62015444516214
0,66,1,2,50.15810130617345,50.15810130617342
0,44,1,4,54.78496464132766,309.177981510447
0,71,1,2,50.15810130617345,50.15810130617342
0,47,1,4,52.269249199306486,305.9125695152376
0,45,1,3,92.1172174189365,332.50283090262894
0,69,0,2,50.566791554134966,50.566791554134966
0,48,1,4,52.269249199306486,318.9211419549242
0,46,1,1,76.48992285557648,366.2555080384319
0,77,1,2,50.566791554134966,50.566791554134966
0,50,1,4,61.77503867499368,376.89569086114943
0,49,1,3,92.1172174189365,404.71752001500636
0,37,0,4,61.77503867499368,398.85411272533645
0,52,0,4,53.84613876323384,418.87222172619215
0,53,0,4,53.84613876323384,435.8533141424856
0,51,1,4,58.30813209731269,453.40106183615035
0,88,1,2,52.726910846801815,52.72691084680184
0,89,1,2,52.726910846801815,52.72691084680207
0,55,1,4,58.30813209731269,473.7980426239516
0,90,1,2,46.85411285207023,54.08765296582169
0,56,1,4,57.657821924344404,480.9655064121405
0,57,1,4,57.657821924344404,478.01442492465856
0,98,1,2,46.85411285207023,46.8541128520701
0,59,1,4,57.66754720752884,477.04601291157985
0,101,1,2,51.2627723653545,51.26277236535452
0,61,1,4,57.66754720752884,495.9342452988965
0,62,1,4,54.509321139308796,487.45479762715274
0,102,1,2,51.2627723653545,51.26277236535452
0,63,1,4,53.822807570826484,488.02941900845815
0,103,1,2,48.26143006312232,48.261430063122134
0,54,0,4,58.355980451481386,515.9518235434771
0,65,1,4,57.66946688299907,539.1415747719383
0,64,0,4,61.277128357395654,543.2831533027786
0,67,1,1,71.88916449377083,573.4479117615278
0,96,0,2,48.26143006312232,48.261430063122134
0,111,1,2,47.86295544743369,47.86295544743348
0,113,1,2,47.86295544743369,47.86295544743348
0,70,1,4,61.277128357395654,573.2430360383627
0,116,1,2,52.41270626443578,52.412706264435656
0,68,1,1,71.88916449377083,602.3707608372847
0,118,1,2,52.41270626443578,52.412706264435656
0,119,1,2,46.57857162272791,46.57857162272808
0,72,1,4,57.51215786642183,598.8806300279209
0,73,1,4,57.51215786642183,621.7340697563487
0,114,0,2,46.57857162272791,46.57857162272808
0,123,1,2,44.17723449312805,44.17723449312825
0,76,1,4,57.352017962876104,594.8850731375856
0,78,1,4,57.352017962876104,602.8370659231756
0,74,1,3,91.47344274250084,668.0574298523973
0,79,1,4,55.63740517684079,618.1792511166045
0,130,1,2,44.17723449312805,44.17723449312825
0,80,1,1,71.53620864356498,641.8607953410309
0,81,1,4,55.63740517684079,637.1924439630993
0,75,0,4,61.434984638312585,652.3024903424957
0,83,0,4,61.434984638312585,672.2482365222361
0,138,1,2,44.0282564207663,44.02825642076641
0,82,1,4,60.18819836288915,697.379361844255
0,85,1,4,60.18819836288915,722.7888848688149
0,87,1,4,55.542732220653775,722.1632516225096
0,141,1,2,44.0282564207663,44.02825642076641
0,86,1,1,71.53620864356498,752.1176496965822
0,84,0,4,55.542732220653775,737.2004920761403
0,147,1,2,53.46651938369545,53.46651938369564
0,91,1,4,51.61657442982831,753.6040091942007
0,92,0,4,51.61657442982831,762.0253683629212
0,95,0,4,54.966654243630344,787.2305246805504
0,94,1,4,54.966654243630344,827.7534465702004
0,97,1,3,91.47344274250084,850.8412395171388
0,93,1,1,75.73338217052347,863.6220235883234
0,160,1,2,53.46651938369545,53.46651938369564
0,100,1,4,57.28228130492769,843.8841919455326
0,99,1,3,82.69492090978994,878.1885009901885
0,164,0,2,50.97086262533016,50.970862625330255
0,105,1,4,52.18983011784262,793.4995987274333
0,104,1,4,56.01509532419506,816.8818546088528
0,106,1,4,50.92264413710997,783.9998989409032
0,169,1,2,50.97086262533016,50.970862625330255
0,168,0,2,45.77460610319113,45.77460610319099
0,172,0,2,45.77460610319113,45.77460610319099
0,108,1,4,58.13738550432306,808.1145026316276
0,109,1,3,82.69492090978994,814.0385327565318
0,107,1,1,75.73338217052347,844.5970704590932
0,174,1,2,51.28282994261477,51.2828299426144
0,112,0,4,58.13738550432306,837.346040380758
0,175,0,2,51.28282994261477,51.282829942614626
0,110,1,3,85.9581159818854,879.8556590517087
0,117,1,4,59.05955567527661,832.8925322653561
0,115,1,1,78.03590662432559,878.9495029699401
0,122,1,4,59.05955567527661,830.0155490478769
0,120,1,1,78.03590662432559,876.4372577460224
0,188,1,2,43.04890110924477,43.048901109244525
0,124,0,4,60.55303251467211,866.5158475448966
0,191,1,2,43.04890110924477,43.048901109244525
0,121,1,1,83.85543693774441,920.1636550084324
0,192,1,2,50.745220370476204,50.74522037047609
0,194,1,2,50.745220370476204,50.74522037047609
0,193,0,2,48.260758752599756,48.260758752599486
0,195,1,2,48.260758752599756,54.3745383689793
0,126,1,4,60.55303251467211,901.392602761746
0,199,1,2,49.33830448040296,49.33830448040271
0,128,1,4,57.25114144313994,904.2063451851163
0,127,1,3,85.9581159818854,968.2511528877831
0,129,1,4,57.25114144313994,926.7541951301539
0,201,1,2,49.33830448040296,49.33830448040271
0,131,1,4,54.14415083971652,903.6471107183745
0,132,1,4,54.14415083971652,927.5500226987251
0,207,0,2,46.13635152786818,46.1363515278681
0,125,0,4,57.82343795506368,925.8291916533942
0,212,1,2,46.13635152786818,46.1363515278681
0,133,1,4,57.82343795506368,946.3986254613537
0,134,0,4,52.78368458073949,970.4952636674273
0,135,1,4,52.78368458073949,993.3973710851924
0,219,1,2,46.54783857836017,46.547838578359915
0,137,1,4,56.606842537749515,1018.6361600100101
0,223,1,2,46.54783857836017,46.547838578359915
0,140,1,4,56.606842537749515,982.5526145421113
0,227,1,2,49.94873585612649,49.948735856126405
0,139,1,3,90.24070514990116,1054.5822318174878
0,142,1,4,52.98270363428312,967.095518312407
0,136,0,4,52.98270363428312,982.4816052564588
0,145,1,4,58.68734602053105,994.6668820255372
0,233,0,2,49.94873585612649,49.948735856126405
0,143,1,1,83.85543693774441,1033.1161357012875
0,146,1,4,58.68734602053105,1032.873023424933
0,237,0,2,47.088300503258935,47.08830050325878
0,242,0,2,47.088300503258935,47.08830050325878
0,144,0,4,60.4421971885471,1053.4905687153114
0,148,1,3,90.24070514990116,1072.0741220328196
0,150,1,4,60.4421971885471,1072.0159564332018
0,152,1,4,55.51281006169037,1077.6214378741784
0,149,0,4,55.51281006169037,1101.351928603996
0,153,1,4,57.5482067375166,1118.6243581270817
0,151,1,1,78.42837712543647,1168.6749585895639
0,154,0,4,57.5482067375166,1172.544617839181
0,158,1,4,54.35144732361779,1206.9078363016595
0,155,1,3,83.90671990414059,1231.421247258506
0,157,1,3,83.90671990414059,1232.6319852041036
0,159,1,4,54.35144732361779,1196.264768761545
0,265,0,2,50.0177684806613,50.01776848066129
0,161,1,4,51.96713694187787,1213.01958976477
0,162,1,4,51.96713694187787,1219.8219146642723
0,156,0,4,60.48364261147884,1251.8415949271848
0,163,1,3,88.26938905587674,1267.4091432871146
0,165,1,4,60.48364261147884,1285.9683330390228
0,276,0,2,50.0177684806613,50.01776848066129
0,166,1,3,88.26938905587674,1299.4289236211505
0,167,1,1,78.42837712543647,1294.772429725427
0,282,1,2,46.02785252458517,46.02785252458489
0,283,1,2,46.02785252458517,47.630998905618526
0,170,1,4,60.04024566732565,1279.4657305257458
0,171,1,1,78.0269845807591,1308.6782184917583
0,281,0,2,49.08889008109698,49.088890081096906
0,173,1,3,91.56259533418212,1327.9134817905247
0,176,1,4,60.04024566732565,1282.7153732155398
0,177,1,4,57.433486258136995,1293.5297467787182
0,178,1,4,57.433486258136995,1310.1972081621543
0,289,0,2,49.08889008109698,49.088890081096906
0,180,0,4,57.703766804901946,1327.9213937259706
0,299,1,2,51.35421715843478,51.354217158434494
0,179,1,3,91.56259533418212,1350.8262222389403
0,301,1,2,51.35421715843478,51.354217158434494
0,182,1,4,57.703766804901946,1370.4367434777905
0,302,1,2,49.4163761591265,54.85239829034481
0,184,1,3,87.56828245426915,1370.9788166271005
0,183,1,1,78.0269845807591,1385.5815591210603
0,303,1,2,49.4163761591265,49.41637615912623
0,185,1,4,56.55726285073471,1394.947519931542
0,309,1,2,50.715878485258344,50.715878485258145
0,187,1,1,72.28365026776365,1423.4431992266182
0,310,1,2,50.715878485258344,50.715878485258145
0,186,1,3,87.56828245426915,1446.3596907632932
0,190,1,4,56.55726285073471,1363.11936644125
0,306,0,2,47.82688312216618,47.82688312216624
0,189,1,1,72.28365026776365,1392.9305984258826
0,181,0,4,56.896958783353355,1394.7280026237072
0,317,1,2,47.82688312216618,47.82688312216624
0,197,1,4,56.896958783353355,1379.508768311323
0,319,1,2,46.35178675079431,46.35178675079442
0,198,1,4,53.393415202449674,1395.6777882724518
0,316,0,2,46.35178675079431,46.35178675079442
0,320,1,2,47.016554110450095,47.01655411045067
0,200,1,4,53.393415202449674,1398.1853902291928
0,321,0,2,47.016554110450095,47.01655411045067
0,196,0,4,49.70255154065306,1390.1958319625815
0,326,1,2,51.254544793419775,51.25454479342034
0,203,1,4,49.70255154065306,1395.6897231141638
0,205,1,4,53.136042948044725,1419.9809300655638
0,204,1,3,90.51353476760404,1443.4550507344943
0,335,1,2,51.254544793419775,51.25454479342034
0,202,0,4,53.136042948044725,1448.5256906037903
0,337,1,2,46.62172663978968,59.61109855182167
0,206,1,3,90.51353476760404,1465.261813776122
0,208,1,4,60.379277167636744,1468.3902939000727
0,209,1,4,60.379277167636744,1504.513250593072
0,210,1,3,86.69876898176834,1515.8028281183406
0,214,1,4,59.446086584950976,1480.8483508395911
0,346,1,2,46.62172663978968,46.62172663978936
0,215,1,4,59.446086584950976,1498.7368522397915
0,216,1,4,54.047887993644956,1520.2868525584063
0,211,0,4,54.047887993644956,1544.5664023479308
0,213,1,1,75.66516890329434,1594.2936704171657
0,217,1,4,58.33341594153821,1572.686496269475
0,218,0,4,58.33341594153821,1588.613939927969
0,220,1,4,57.831647950273606,1604.4964406077752
0,359,1,2,49.03121966425627,49.03121966425624
0,224,1,4,57.831647950273606,1600.7342264453891
0,357,0,2,49.03121966425627,49.03121966425624
0,222,1,1,75.66516890329434,1642.4297165909697
0,225,1,4,58.45745962253023,1640.3997281286834
0,226,1,4,58.45745962253023,1674.6914105267574
0,228,1,3,86.69876898176834,1672.9331797018954
0,221,0,4,56.02340790855254,1670.942365912419
0,231,1,4,56.02340790855254,1707.578000618893
0,378,1,2,48.124561845592716,48.124561845593234
0,230,0,4,57.89447030082011,1728.7594798909076
0,229,1,3,93.15310249138838,1741.7855355480342
0,380,1,2,48.124561845592716,48.124561845593234
0,234,1,4,57.89447030082011,1733.1853192936383
0,232,1,1,81.54446017425306,1771.4663922283917
0,376,0,2,43.880467647036326,43.88046764703631
0,236,1,4,50.93244283582037,1750.7339490458526
0,385,1,2,43.880467647036326,46.2109793201098
0,235,1,1,81.54446017425306,1799.1281833855555
0,387,1,2,51.41970880132238,51.419708801322486
0,388,1,2,51.41970880132238,51.419708801322486
0,238,1,4,50.93244283582037,1794.843040397628
0,240,1,4,57.868624307155656,1818.250708388683
0,239,1,3,93.15310249138838,1848.9341741268977
0,241,1,4,57.868624307155656,1822.5756699105423
0,398,0,2,45.40999538485337,45.40999538485357
0,244,1,1,71.12870720711308,1862.163377491118
0,246,1,3,85.94872947903606,1864.5080256759707
0,247,1,4,57.393275263381724,1862.884338859405
0,402,1,2,45.40999538485337,45.40999538485357
0,245,1,1,71.12870720711308,1901.772599094053
0,404,1,2,49.61014543012225,49.61014543012243
0,248,1,4,57.393275263381724,1880.982051090013
0,399,0,2,49.61014543012225,49.61014543012243
0,249,1,4,54.879024808283376,1880.6991681753698
0,250,1,4,54.879024808283376,1902.8958213627102
0,408,0,2,43.79713006429053,43.797130064290286
0,243,0,4,54.880258438043526,1891.6311592803177
0,252,0,4,54.880258438043526,1907.0919752496693
0,413,0,2,43.79713006429053,43.797130064290286
0,255,1,4,52.2897176567559,1909.0759632021013
0,416,1,2,45.948274259488585,45.948274259488244
0,251,1,1,68.52967495600154,1939.621081234744
0,256,1,4,52.2897176567559,1939.5155704172262
0,414,0,2,45.948274259488585,45.948274259488244
0,254,1,1,68.52967495600154,1984.1168110653439
0,418,1,2,47.63758708690936,47.63758708690966
0,423,1,2,47.63758708690936,47.63758708690966
0,422,0,2,46.66733105910517,46.66733105910498
0,258,1,4,55.880845023425124,1985.8278323348222
0,257,1,3,85.94872947903606,2016.193929481084
0,259,1,4,55.880845023425124,1998.5268230440915
0,427,1,2,46.66733105910517,46.66733105910498
0,425,0,2,51.89069515547546,51.89069515547544
0,260,1,4,55.6616372889209,2037.2630421924714
0,261,1,3,91.27561128509085,2054.1941806592095
0,431,0,2,51.89069515547546,51.89069515547544
0,262,1,4,55.6616372889209,2038.2475620878417
0,432,1,2,50.50252227918267,50.50252227918281
0,263,1,4,53.619353232693484,2063.8662035337225
0,253,0,4,53.619353232693484,2070.5822348996153
0,438,0,2,50.50252227918267,50.50252227918281
0,264,1,1,71.80490577644223,2072.1577853751196
0,266,1,4,57.29147753054604,2062.7238443689203
0,442,0,2,45.3887542296023,45.388754229601545
0,267,0,4,57.29147753054604,2084.7029293612472
0,447,1,2,45.3887542296023,45.887923082010275
0,268,1,3,91.27561128509085,2130.4967240897577
0,271,1,4,60.999850613692445,2098.981822705177
0,450,1,2,51.19017073245208,51.190170732452316
0,453,1,2,51.19017073245208,51.190170732452316
0,272,1,4,60.999850613692445,2136.288035905265
0,452,0,2,49.39185744894554,49.3918574489453
0,269,1,1,71.80490577644223,2173.063101301166
0,273,1,3,94.39160748192428,2151.869226031579
0,454,1,2,49.39185744894554,49.3918574489453
0,274,1,4,49.7859882409061,2162.8327521381516
0,456,1,2,49.540919557827095,49.54091955782678
0,457,1,2,49.540919557827095,49.54091955782678
0,455,0,2,44.5217676367495,44.521767636749246
0,270,0,4,49.7859882409061,2203.524316328176
0,277,1,4,57.529717453038415,2213.620085479399
0,275,1,3,94.39160748192428,2225.3031476491
0,278,1,4,57.529717453038415,2224.9052715586313
0,279,1,1,72.93258268393913,2247.6089531657003
0,280,1,4,46.95955280320429,2227.691537962217
0,468,1,2,44.5217676367495,44.521767636749246
0,469,1,2,47.31646996929452,47.3164699692943
0,470,1,2,47.31646996929452,47.3164699692943
0,284,1,4,46.95955280320429,2201.3500534523387
0,285,1,4,60.871966204449365,2226.3299358359436
0,473,1,2,49.40364783512662,49.40364783512632
0,288,0,4,60.871966204449365,2243.1736742963208
0,475,0,2,49.40364783512662,49.40364783512632
0,287,1,4,51.87686232530879,2253.847895297291
0,286,1,3,91.05890349321646,2295.502969914799
0,291,1,4,47.99768166892022,2245.858084860449
0,479,1,2,48.29135085885096,48.29135085885082
0,481,1,2,48.29135085885096,48.716476937354855
0,290,1,4,60.608873201967796,2272.4817585522264
0,292,1,4,56.729692545579226,2292.17342723136
0,294,0,4,57.72590886189397,2311.501422298583
0,293,1,3,91.05890349321646,2323.0207014139764
0,480,0,2,52.05498700258021,52.054987002579765
0,297,0,4,57.72590886189397,2326.856833675456
0,295,1,3,93.92726269043426,2345.666865746332
0,490,1,2,52.05498700258021,59.14964038430935
0,296,1,1,72.93258268393913,2350.41841655503
0,300,1,4,61.16234118079687,2356.9721635700093
0,495,1,2,49.303122597926226,49.30312259792663
0,304,1,4,61.16234118079687,2324.490726136235
0,498,1,2,46.88277795356165,46.882777953562254
0,497,1,2,51.35672194604052,51.356721946040125
0,298,0,4,57.606533251917455,2332.7534188345294
0,501,0,2,48.93637730167595,48.93637730167575
0,308,1,4,57.606533251917455,2346.769193450788
0,504,1,2,43.86404321534444,43.86404321534428
0,305,1,1,77.8099792961371,2382.601610657514
0,307,1,1,77.8099792961371,2410.6335412504086
0,311,1,4,53.929985852664586,2386.240489539328
0,312,1,1,75.98110219788623,2399.791505036964
0,513,1,2,43.86404321534444,43.86404321534428
0,314,0,4,53.929985852664586,2398.7061842167177
0,515,1,2,51.833282114432045,51.83328211443222
0,313,1,1,75.98110219788623,2437.08437082865
0,518,1,2,51.833282114432045,51.83328211443222
0,315,1,4,58.2160698350265,2399.2709793613617
0,520,0,2,48.6458563522972,48.645856352296505
0,522,1,2,48.6458563522972,48.645856352296505
0,318,1,1,74.13466828041294,2411.030836734094
0,322,1,4,58.2160698350265,2396.497905521828
0,323,1,4,56.63397779059271,2409.99824787408
0,324,1,4,56.63397779059271,2420.750529446513
0,325,0,4,55.20083104257077,2438.9359346811716
0,329,1,4,55.20083104257077,2429.3003646907414
0,328,1,1,74.13466828041294,2465.420130394791
0,331,1,4,54.1706043456498,2456.619883472273
0,534,1,2,49.72393824838464,49.723938248384
0,330,1,1,73.23581790649837,2492.3408968865065
0,332,1,4,54.1706043456498,2495.9046348364795
0,333,1,4,56.29439405204232,2500.8848422589926
0,543,0,2,49.72393824838464,49.723938248384
0,334,1,4,56.29439405204232,2526.6059255200726
0,327,0,4,54.222257495205206,2549.9768916738926
0,338,1,4,54.222257495205206,2517.566222669678
0,339,1,4,58.09798465185311,2540.8323088272796
0,340,1,1,73.23581790649837,2563.452996751106
0,336,0,4,58.09798465185311,2562.265010518739
0,342,0,4,52.18031783562022,2567.9544936581933
0,341,1,4,52.18031783562022,2579.4336600045845
0,554,1,2,52.4775154825217,52.477515482521994
0,550,0,2,52.4775154825217,52.477515482521994
0,344,1,4,54.603327814537,2600.2622815865116
0,558,1,2,47.95878272257124,47.958782722571414
0,345,1,1,67.50185699796565,2597.8280376862767
0,560,1,2,47.95878272257124,47.958782722571414
0,561,1,2,50.0634549727702,50.06345497277016
0,347,1,4,54.603327814537,2595.7034798717145
0,348,1,4,59.32461695765642,2599.9572218264057
0,567,1,2,50.0634549727702,50.06345497277016
0,349,1,3,93.92726269043426,2621.8812303234668
0,351,1,4,59.32461695765642,2627.040240232527
0,350,1,3,93.25543780190621,2661.091112580988
0,352,1,4,53.74853416224618,2652.662197376351
0,574,1,2,49.25553452556079,49.255534525560506
0,343,0,4,53.74853416224618,2670.8652048979357
0,354,0,4,51.19784040257348,2688.5412572472405
0,353,1,4,51.19784040257348,2671.5614263145717
0,581,1,2,49.25553452556079,49.255534525560506
0,582,1,2,50.78423196054709,50.784231960547004
0,355,0,4,54.56455663972617,2674.199964135948
0,585,1,2,50.78423196054709,50.784231960547004
0,356,1,4,54.56455663972617,2686.5999742459935
0,586,1,2,49.863399006359934,49.86339900635994
0,358,1,4,56.28457023944806,2710.1863215769827
0,361,0,4,56.28457023944806,2717.077684762451
0,360,1,4,55.707931911247826,2737.8316386889946
0,363,1,4,55.707931911247826,2729.0132899635582
0,590,1,2,49.863399006359934,49.86339900635994
0,592,1,2,49.85988053751031,49.859880537510435
0,594,1,2,49.85988053751031,49.859880537510435
0,364,1,1,67.50185699796565,2771.3984366842797
0,595,1,2,47.34040649466691,47.34040649466715
0,596,1,2,47.34040649466691,47.34040649466715
0,597,1,2,46.29664214857914,46.29664214857985
0,366,1,3,93.25543780190621,2777.9568246136396
0,367,1,4,58.23453903279166,2768.8446605453364
0,368,1,4,58.23453903279166,2786.8761542374386
0,602,1,2,46.29664214857914,46.29664214857985
0,365,1,1,76.51769002302031,2839.517883592699
0,588,0,2,51.19595713684129,51.19595713684157
0,604,0,2,51.19595713684129,55.40171803471185
0,369,1,4,53.996155523808554,2803.511839801403
0,370,1,4,53.996155523808554,2828.9412492433394
0,371,1,4,55.37969376963183,2838.4497930580583
0,372,1,4,55.37969376963183,2856.715085781965
0,362,0,4,48.03823278141716,2876.581200715931
0,618,1,2,46.262647049086894,46.26264704908681
0,373,1,4,48.03823278141716,2897.6564377011628
0,374,0,4,53.144292136528016,2910.3359026081644
0,619,1,2,46.262647049086894,46.26264704908681
0,620,1,2,50.767175265000866,50.76717526500124
0,375,1,4,53.144292136528016,2925.782187754058
0,622,1,2,50.767175265000866,50.76717526500124
0,377,1,4,58.02721331829801,2935.499436628964
0,623,1,2,48.15607274547849,48.15607274547801
0,379,1,4,58.02721331829801,2949.5523118884976
0,381,1,4,50.34291135251091,2920.0088095409556
0,382,1,4,50.34291135251091,2942.5673030208927
0,386,1,4,56.09133290881989,2936.908118127096
0,383,1,1,76.51769002302031,2975.1157240199245
0,389,1,4,56.09133290881989,2952.28631731929
0,626,0,2,48.15607274547849,48.15607274547801
0,391,1,4,58.81020476904234,2979.274691560312
0,390,1,3,89.482140111677,3008.4138250273118
0,392,1,4,58.81020476904234,3013.8599076751725
0,393,1,3,89.482140111677,3026.438229813223
0,384,0,4,57.508334235107846,3031.085954027604
0,648,0,2,51.13195330839097,51.13195330839153
0,395,1,4,57.508334235107846,3051.401082471564
0,394,1,3,89.44901388089656,3064.84124394035
0,396,0,4,55.79314049949159,3069.1364265633365
0,401,1,4,55.79314049949159,3060.1837364191615
0,397,1,3,89.44901388089656,3108.865126204898
0,403,1,4,53.32837498013188,3063.1711267815226
0,400,1,3,90.2660005716246,3132.54707513448
0,662,0,2,51.13195330839097,56.32222581266706
0,664,1,2,54.669829081762856,54.669829081763055
0,406,1,1,74.56908388496674,3074.321866573383
0,405,1,3,90.2660005716246,3097.9658254015294
0,409,1,4,53.32837498013188,3061.2424386065923
0,665,0,2,51.05347598235128,51.0534759823513
0,669,1,2,50.21939075783452,50.219390757834844
0,410,1,4,60.54180340058872,3076.9387161784616
0,670,0,2,46.603037658422956,46.60303765842309
0,407,1,1,74.56908388496674,3116.2070512130103
0,676,1,2,51.51799697911174,51.51799697911156
0,411,1,1,74.78180265202741,3117.239185197489
0,412,1,4,60.54180340058872,3096.5881149160887
0,680,1,2,51.51799697911174,51.51799697911156
0,675,0,2,46.27646337354418,52.909109904234356
0,417,1,1,74.78180265202741,3091.745947528896
0,415,1,3,93.45438550165426,3121.1505592113936
0,419,0,4,56.06397352254612,3081.096262421538
0,681,1,2,46.27646337354418,46.276463373544175
0,684,1,2,50.98850865332392,50.98850865332406
0,420,1,1,75.21619449936952,3114.2710473125617
0,421,1,4,56.06397352254612,3120.0738058927245
0,688,1,2,50.98850865332392,50.98850865332406
0,426,1,1,69.526288361063,3100.9189880346066
0,428,1,4,60.85141984933732,3105.1708941112556
0,424,1,1,76.50862689226697,3156.333904564034
0,429,1,4,60.85141984933732,3153.779044619194
0,694,1,2,48.78983586106173,48.789835861060965
0,436,1,4,54.734502449718164,3138.1372408066554
0,699,1,2,48.78983586106173,48.789835861060965
0,430,1,3,93.45438550165426,3214.8057734128197
0,701,1,2,45.81245155597348,45.812451555972984
0,434,1,3,92.22277753796911,3185.405726935008
0,435,1,1,70.81872075396045,3174.263243615911
0,433,0,4,54.734502449718164,3174.262567315928
0,437,1,4,52.03800071257578,3194.706059982982
0,439,1,1,64.45286597474318,3213.0705331567424
0,440,1,1,64.45286597474318,3217.1253862054164
0,710,1,2,45.81245155597348,45.812451555973894
0,441,1,1,72.01716423817368,3235.8376156480617
0,443,1,4,52.03800071257578,3211.049068655716
0,444,1,4,55.59932002528649,3233.5946065336075
0,448,1,4,55.59932002528649,3219.07306836905
0,446,0,4,56.121224363088096,3231.9828696608365
0,445,1,3,92.22277753796911,3280.8133844857884
0,449,1,1,72.01716423817368,3265.3046498878803
0,451,1,4,56.121224363088096,3264.0353197131562
0,719,0,2,50.16280080851512,50.162800808515385
0,458,1,4,57.93388852200761,3201.8060017222188
0,460,1,4,57.93388852200761,3226.646722014081
0,730,1,2,50.16280080851512,50.162800808515385
0,459,0,4,53.132376513559784,3239.35041141727
0,461,1,4,53.132376513559784,3262.1900740378724
0,734,1,2,46.58325243662541,46.583252436625116
0,464,1,4,54.17309598072376,3282.5973882562785
0,463,1,3,86.21553590870289,3317.039976490839
0,735,1,2,46.58325243662541,46.583252436625116
0,466,1,4,53.01615902424669,3287.2880386433553
0,736,0,2,52.36100264852159,52.3610026485203
0,465,1,4,57.602064110038654,3321.7035147934957
0,467,1,1,72.579541352643,3327.4222901416542
0,740,0,2,52.36100264852159,52.3610026485203
0,472,1,4,56.445127153561586,3298.6157773624773
0,745,1,2,53.12195662269595,53.121956622697326
0,471,1,3,86.21553590870289,3319.7262066917547
0,462,0,4,60.17895640916213,3289.885966846251
0,474,0,4,60.17895640916213,3310.0595658265793
0,476,1,4,58.0759395035722,3314.4058908026163
0,477,1,4,58.0759395035722,3305.2809098679445
0,478,0,4,52.05716795748611,3304.7805224237154
0,482,1,4,52.05716795748611,3314.1735553410845
0,751,0,2,53.12195662269595,53.121956622697326
0,760,1,2,47.8348710834444,47.83487108344525
0,762,1,2,47.8348710834444,47.83487108344525
0,484,1,4,53.53773067878671,3335.6737839209127
0,483,1,3,95.5654055009016,3372.843200179239
0,485,1,1,72.579541352643,3352.94027285183
0,487,1,4,53.53773067878671,3352.2098796259525
0,486,1,1,77.82737455340484,3397.3133986246175
0,488,1,4,55.639834274034875,3398.8972694452887
0,489,1,4,55.639834274034875,3379.278369272436
0,771,0,2,49.049343046298944,49.04934304629933
0,491,0,4,57.4132857103699,3387.185245829107
0,493,1,4,57.4132857103699,3405.0336105209835
0,775,0,2,49.049343046298944,49.04934304629933
0,780,1,2,47.847281656948795,47.847281656950145
0,492,0,4,53.48323158737735,3420.5344272568327
0,494,1,1,77.82737455340484,3452.2796750215994
0,496,0,4,53.48323158737735,3382.6644988194685
0,783,0,2,47.847281656948795,47.847281656950145
0,499,1,1,72.33544630829525,3417.0036048229113
0,788,1,2,48.098408678847136,48.09840867884668
0,500,1,4,54.29033036396724,3416.126170593164
0,793,1,2,48.098408678847136,48.09840867884668
0,795,1,2,47.22544936929476,47.22544936929444
0,505,1,4,54.29033036396724,3428.674439679604
0,502,1,3,95.5654055009016,3477.098840910354
0,507,1,4,61.532962056127545,3460.2347635637425
0,506,1,3,84.3062340784254,3483.0221894555725
0,503,0,4,54.31591314338995,3455.9531029299633
0,798,1,2,47.22544936929476,47.22544936929444
0,508,1,4,60.13985331824152,3483.5859499739317
0,800,1,2,47.34655567941732,47.34655567941809
0,509,1,4,52.92280440550393,3483.145393058101
0,511,1,4,57.50803604323595,3509.0876861167617
0,512,1,1,72.33544630829525,3535.5860408927338
0,514,1,1,71.17111670490016,3513.8241766208193
0,510,0,4,57.50803604323595,3513.5832139433905
0,517,0,4,60.26091964317432,3548.323550850334
0,516,1,3,84.3062340784254,3576.3860816814395
0,519,1,4,60.26091964317432,3569.372009934169
0,524,1,4,53.0087585858713,3561.5594009907863
0,811,0,2,47.34655567941732,47.34655567941809
0,817,1,2,50.36713799050719,50.36713799050813
0,523,1,1,71.17111670490016,3605.2427735797355
0,525,1,4,53.0087585858713,3609.293607024538
0,526,1,4,55.514206936751165,3602.0506683503963
0,822,1,2,50.36713799050719,50.36713799050813
0,527,1,4,55.514206936751165,3627.885984862778
0,827,0,2,47.89806780719442,47.898067807193
0,528,1,4,58.309626873489165,3626.1490134838823
0,529,1,4,58.309626873489165,3655.3631634533376
0,833,1,2,47.89806780719442,47.898067807193
0,531,1,4,61.65449747660703,3675.1425269239444
0,530,1,3,90.68628443746694,3679.330616920064
0,834,0,2,51.128906118425284,51.12890611842522
0,836,1,2,51.128906118425284,51.12890611842522
0,521,0,4,61.65449747660703,3680.272591365634
0,532,1,4,50.62666144897328,3677.3254260551457
0,842,1,2,50.844163123513724,50.84416312351277
0,535,1,4,50.62666144897328,3669.6142852059274
0,837,0,2,50.844163123513724,50.84416312351277
0,536,1,1,72.62073456506887,3688.0822847523323
0,845,1,2,53.9517853774507,53.951785377450506
0,537,1,4,55.19037587560717,3693.301697480737
0,533,0,4,55.19037587560717,3689.60870600248
0,540,1,4,57.250077416205514,3717.4401245381014
0,846,1,2,53.9517853774507,53.951785377450506
0,538,1,1,72.62073456506887,3749.967263280415
0,541,0,4,57.250077416205514,3758.188808841717
0,855,1,2,49.313086907673465,49.31308690767219
0,539,1,1,70.9949881400704,3796.802505893799
0,542,1,4,54.01852770206295,3795.11375783778
0,859,1,2,49.313086907673465,49.31308690767219
0,544,1,4,54.01852770206295,3834.6794525188034
0,865,1,2,49.399770769125126,49.3997707691251
0,547,1,1,70.9949881400704,3842.518258642248
0,545,1,3,90.68628443746694,3843.8228696996575
0,546,0,4,55.74215377335191,3811.6073105122123
0,868,1,2,49.399770769125126,49.3997707691251
0,549,0,4,55.74215377335191,3826.9443373142776
0,548,1,4,61.035103972099904,3830.6040132275657
0,872,1,2,48.151517221442276,48.15151722144219
0,551,1,4,61.035103972099904,3843.520241311613
0,552,1,4,67.33759630424295,3868.002470390863
0,555,1,4,67.33759630424295,3829.574668604122
0,878,1,2,48.151517221442276,48.15151722144219
0,879,1,2,52.40124706098063,55.07790077895879
0,553,1,1,74.06459380926083,3873.690310673446
0,882,1,2,52.40124706098063,52.401247060981405
0,557,1,4,62.42450584285251,3878.0767748669514
0,884,1,2,53.512286680437036,53.512286680435864
0,559,1,4,62.42450584285251,3884.3683875933966
0,887,1,2,53.512286680437036,53.512286680435864
0,562,1,4,55.546702940824105,3856.4291837909923
0,563,1,4,55.546702940824105,3878.88068542322
0,889,1,2,50.207853039765666,50.207853039764814
0,564,1,4,58.580427626901454,3901.2259630614653
0,556,0,4,58.580427626901454,3907.165708049891
0,886,0,2,50.207853039765666,50.207853039764814
0,566,0,4,56.68699726750333,3920.3247283494547
0,895,0,2,48.177037277794994,48.177037277795534
0,568,0,4,56.68699726750333,3928.563870649051
0,565,1,1,74.06459380926083,3973.9244266838696
0,569,1,4,57.43867222349033,3972.8023439018116
0,903,1,2,48.177037277794994,48.177037277795534
0,572,1,4,57.43867222349033,3992.541677360301
0,905,1,2,45.89498628866989,45.894986288671134
0,573,1,1,72.75994040047314,4014.3191414201456
0,571,1,3,91.63207681257029,4040.301329884963
0,575,1,4,58.26141307315174,4006.1897842368417
0,576,1,4,58.26141307315174,4022.3341302949857
0,570,0,4,57.444291444078246,4048.8794243749553
0,578,0,4,53.929074575041554,4059.938729566892
0,916,0,2,45.89498628866989,45.894986288671134
0,577,1,4,50.29436267346007,4096.5840042933005
0,921,1,2,48.393971750441,48.39397175043996
0,579,1,1,72.75994040047314,4095.5100979156687
0,583,1,4,46.77914580442337,4089.405347876076
0,920,0,2,48.393971750441,48.39397175043996
0,584,1,4,56.81196864039572,4096.819901928166
0,580,0,4,56.81196864039572,4093.7227041937413
0,587,1,4,50.71171229801166,4068.7541710086707
0,931,1,2,48.188834544897205,48.18883454489696
0,589,1,1,68.23507385650808,4088.6282033070092
0,936,1,2,48.188834544897205,48.18883454489696
0,937,1,2,50.79541400575204,50.79541400575181
0,593,1,4,50.71171229801166,4073.0076192124734
0,598,1,1,68.23507385650808,4047.1178251070933
0,591,1,3,91.63207681257029,4123.530984345444
0,599,1,4,56.97700928889909,4045.803466625991
0,601,1,4,56.97700928889909,4053.3235887157116
0,945,1,2,50.79541400575204,50.79541400575181
0,600,1,1,72.76767884987251,4086.7417305931203
0,605,0,4,60.9227397789028,4079.1526704652406
0,950,1,2,46.33108993894135,46.33108993894166
0,951,1,2,46.33108993894135,46.33108993894166
0,603,1,4,60.9227397789028,4094.882564413452
0,608,1,4,58.767962230932056,4116.597299146495
0,607,1,1,72.76767884987251,4149.793442867978
0,609,1,3,94.12258625122838,4133.602430587721
0,610,1,4,58.767962230932056,4143.660363658808
0,954,1,2,51.552352439997534,51.55235243999596
0,957,1,2,51.552352439997534,55.95451305491224
0,611,1,4,52.42283979449874,4164.725209946533
0,956,0,2,48.97344038682577,48.97344038682422
0,612,1,4,52.42283979449874,4165.451949979777
0,960,0,2,48.97344038682577,48.97344038682422
0,613,1,4,57.445701225040395,4179.601778328505
0,614,1,4,57.445701225040395,4199.895424294522
0,606,0,4,54.81306644044918,4206.409366399581
0,615,1,4,54.81306644044918,4229.26648473585
0,617,1,1,74.81070698212415,4247.326668978592
0,621,1,4,55.15001829873843,4219.818625759629
0,970,0,2,51.645873087458796,51.64587308746013
0,616,0,4,55.15001829873843,4222.542117792723
0,624,0,4,54.76326820748139,4229.99589842797
0,628,1,4,54.76326820748139,4237.362112018073
0,975,1,2,51.645873087458796,51.64587308746013
0,627,1,1,71.3653328060468,4267.605420303967
0,977,1,2,46.84859895346413,46.84859895346381
0,979,1,2,46.84859895346413,46.84859895346381
0,629,1,4,53.54765384924383,4269.929067477499
0,981,0,2,44.10235126973713,44.102351269735664
0,625,1,1,81.77223843290986,4325.010504047056
0,631,1,4,53.54765384924383,4314.42146381824
0,985,1,2,44.10235126973713,44.102351269735664
0,987,1,2,46.95685215223941,46.95685215223966
0,630,1,3,94.12258625122838,4344.627671623718
0,633,1,4,58.22757488802148,4332.719735397504
0,990,1,2,46.95685215223941,46.95685215223966
0,632,1,3,91.92271863905444,4359.545351268843
0,989,0,2,47.82418916834668,47.82418916834649
0,634,1,4,58.22757488802148,4362.08162018196
0,635,1,3,91.92271863905444,4378.6104007497825
0,639,0,4,55.723776977655746,4349.174513986752
0,999,1,2,47.82418916834668,47.82418916834649
0,636,1,1,78.32686425683251,4393.087179844165
0,997,0,2,44.79643678177415,44.7964367817749
0,640,1,4,55.723776977655746,4391.105105874041
0,637,1,1,74.98452227199488,4440.571017549738
0,642,1,4,54.41155117985569,4439.35885091757
0,1004,1,2,44.79643678177415,44.7964367817749
0,638,1,1,74.98452227199488,4487.667797006155
0,1006,1,2,50.5657227321875,50.56572273218808
0,1003,0,2,50.5657227321875,50.56572273218808
0,643,1,4,54.41155117985569,4472.090981632528
0,645,1,4,53.19228155588985,4472.715460794387
0,641,0,4,53.19228155588985,4482.693059052484
0,1017,1,2,47.619993919066,47.619993919066474
0,1011,0,2,47.619993919066,47.619993919066474
0,644,1,1,72.6097052709676,4523.625337443261
0,647,0,4,58.39599961261886,4512.152098313036
0,646,1,4,58.39599961261886,4537.866436119722
0,1020,1,2,52.23933638517686,52.23933638517701
0,649,1,1,72.6097052709676,4557.956399487654
0,650,1,4,55.553107341964434,4550.702616549586
0,653,1,4,51.273910582375066,4567.387366938743
0,652,1,4,61.31293460374139,4602.900651628793
0,1029,1,2,52.23933638517686,52.23933638517701
0,1032,0,2,47.568853241263284,47.56885324126233
0,654,1,4,57.03373784415202,4609.710976805769
0,1035,1,2,47.568853241263284,47.56885324126233
0,655,1,4,58.006806007173836,4627.927487448438
0,1036,1,2,51.46936718493185,51.46936718493089
0,656,1,4,58.006806007173836,4641.601801946541
0,651,0,4,52.73776611441292,4658.225765472879
0,1039,1,2,51.46936718493185,51.46936718493089
0,1033,0,2,49.47125586163642,49.471255861635655
0,657,1,4,52.73776611441292,4635.880630634669
0,1042,0,2,49.47125586163642,49.471255861635655
0,659,1,4,57.90694927528257,4661.521089882254
0,1046,1,2,50.33614958260793,50.336149582608414
0,660,1,4,57.90694927528257,4684.888626698918
0,658,0,4,56.702102237505734,4694.948901497666
0,1047,1,2,50.33614958260793,50.336149582608414
0,1048,0,2,49.46251061808084,49.46251061808107
0,1049,1,2,49.46251061808084,49.46251061808107
0,661,1,1,76.48018568580785,4710.845771863691
0,1051,1,2,51.868979533301044,51.86897953330117
0,663,1,4,56.702102237505734,4732.296735755814
0,1053,1,2,51.868979533301044,51.86897953330117
0,666,1,4,48.91955519725091,4721.843372666082
0,668,1,4,48.91955519725091,4739.358659089557
0,667,1,1,76.48018568580785,4767.746172093723
0,671,1,4,58.86132401565886,4759.655957778307
0,672,1,4,58.86132401565886,4753.604832938722
0,1060,0,2,47.970564192664185,47.970564192664824
0,673,0,4,56.098219242756755,4777.390829132791
0,1066,1,2,47.970564192664185,47.970564192664824
0,674,1,4,56.098219242756755,4802.65503392831
0,677,1,4,56.95462410300031,4781.964063444941
0,678,1,4,56.95462410300031,4805.1994812592575
0,682,0,4,59.552444520770365,4787.247742672202
0,1073,1,2,47.74030791964927,47.74030791964833
0,679,1,1,76.45333349508616,4829.410753385086
0,1076,1,2,47.74030791964927,47.74030791964833
0,685,1,4,59.552444520770365,4779.271007058187
0,686,1,4,54.46053812968848,4799.936035493452
0,687,1,4,54.46053812968848,4813.504914016827
0,683,0,4,51.751450093833064,4788.3882146817505
0,1070,0,2,50.59103611337488,50.591036113375594
0,690,0,4,51.751450093833064,4806.166672679281
0,1082,1,2,50.59103611337488,50.591036113375594
0,693,1,4,62.817354419791,4820.165200173196
0,1087,1,2,48.89971987441742,48.899719874416405
0,689,1,1,73.81645186124831,4848.943238386664
0,1089,1,2,48.89971987441742,48.899719874416405
0,692,1,1,77.12164326246557,4876.72395389752
0,1090,1,2,46.993031523734075,46.99303152373432
0,695,1,4,62.817354419791,4852.2490106940095
0,1084,0,2,46.993031523734075,46.99303152373432
0,697,1,4,58.92391305511653,4848.156491777926
0,1094,1,2,51.420972181987175,51.42097218198796
0,696,1,3,86.08201467664915,4902.368572925997
0,698,1,1,74.48476162862772,4874.010026987919
0,700,1,4,58.92391305511653,4877.379071482567
0,691,0,4,57.84886473991193,4866.3147749313985
0,1103,1,2,51.420972181987175,51.42097218198796
0,702,1,4,57.84886473991193,4882.453240627422
0,1096,0,2,48.63814267874958,48.63814267875023
0,704,1,4,57.97984167500337,4904.967251247038
0,705,1,4,57.97984167500337,4910.793804140446
0,1109,1,2,48.63814267874958,48.63814267875023
0,703,0,4,53.339036095111524,4912.108739453126
0,707,1,4,53.339036095111524,4933.341236692186
0,1113,1,2,48.54014870393118,48.540148703930754
0,1111,0,2,48.54014870393118,48.540148703930754
0,1114,1,2,48.54373996175227,48.54373996175309
0,706,1,1,74.80402572485647,4981.543760130047
0,711,1,4,53.918687101582,4970.926534663504
0,709,1,3,86.08201467664915,4998.426857239374
0,708,0,4,53.918687101582,4993.9086702000295
0,713,0,4,57.116426441774465,4985.516848391644
0,1123,0,2,48.54373996175227,48.54373996175309
0,1124,0,2,47.93689431432159,47.93689431431994
0,712,1,4,57.116426441774465,5008.88790256408
0,715,1,4,56.817178071118256,5031.137197637641
0,717,1,4,56.817178071118256,5021.377950726102
0,1129,1,2,47.93689431432159,47.93689431431994
0,714,0,4,62.74586701522567,5039.648222281892
0,716,1,1,74.80402572485647,5074.25130756834
0,718,1,4,62.74586701522567,5064.8923579612165
0,1132,1,2,46.18571672289282,46.18571672289181
0,720,1,1,73.07838576819194,5084.821651698425
0,721,1,4,62.522836883408345,5095.373842134422
0,1135,1,2,46.18571672289282,46.18571672289181
0,723,1,4,62.522836883408345,5103.335416830008
0,1137,1,2,50.372980803983204,50.37298080398432
0,722,1,1,73.07838576819194,5142.2963212173745
0,1139,0,2,50.372980803983204,50.37298080398432
0,724,1,1,79.84991182691331,5153.333631248755
0,726,0,4,51.14279868541897,5141.985801573908
0,725,1,4,51.14279868541897,5153.000982029096
0,727,0,4,60.55825113776012,5178.979642466278
0,728,1,4,60.55825113776012,5208.016155175521
0,1147,0,2,49.49129761250528,49.49129761250333
0,1150,1,2,49.49129761250528,49.49129761250333
0,731,1,4,56.12027345412848,5208.2012246939485
0,733,1,4,56.12027345412848,5179.160891297013
0,1151,0,2,57.38425193050186,57.384251930499886
0,732,1,1,79.84991182691331,5217.66595627887
0,1157,0,2,57.38425193050186,57.384251930499886
0,729,0,4,54.705935641103494,5213.982634019832
0,1158,0,2,49.716889464439376,49.71688946443828
0,738,1,1,78.17875017915756,5223.971569141231
0,739,1,4,54.705935641103494,5207.726432685198
0,737,1,3,95.34136786018371,5250.154586871871
0,741,1,4,64.38812315789957,5234.89760072951
0,742,1,4,64.38812315789957,5226.464045515839
0,744,1,4,60.57051285171984,5243.7545400804665
0,1174,1,2,45.63392333248433,45.63392333248339
0,1173,1,2,52.16592425475521,52.16592425475574
0,743,0,4,60.57051285171984,5263.511210257844
0,747,1,4,60.62888638238408,5281.787457970375
0,746,0,4,60.62888638238408,5282.727843710027
0,748,1,1,78.17875017915756,5318.832697796928
0,750,0,4,60.00576501105388,5327.943313744747
0,752,1,4,60.00576501105388,5315.928723292911
0,753,1,4,56.90537925460821,5328.049494173971
0,1188,1,2,48.082958122800164,48.08295812280085
0,1189,1,2,49.3572049925691,49.35720499256968
0,749,1,1,74.54797141898167,5368.605238316184
0,1190,1,2,49.3572049925691,49.35720499256968
0,754,1,4,56.90537925460821,5372.797883575595
0,1191,1,2,52.70278438285966,52.702784382860045
0,755,1,4,57.51262444022802,5381.32025807949
0,1186,0,2,52.70278438285966,52.702784382860045
0,756,1,1,74.54797141898167,5400.580597132115
0,758,1,4,57.51262444022802,5393.388018228374
0,757,1,1,75.47762096537235,5424.37397665414
0,1199,1,2,52.17483820422471,52.174838204224216
0,761,1,4,56.24475357356762,5426.081171054997
0,1200,1,2,52.17483820422471,52.174838204224216
0,765,1,4,56.24475357356762,5422.3013886074605
0,1206,1,2,48.987812097206266,48.98781209720619
0,763,1,3,95.34136786018371,5471.661131469275
0,764,1,1,75.47762096537235,5463.834476243959
0,767,1,4,56.72470806076882,5453.873292076696
0,766,1,1,68.6885416260792,5496.64017631698
0,759,0,4,56.72470806076882,5482.519316921596
0,1202,0,2,48.987812097206266,48.98781209720619
0,1210,1,2,49.728260809700906,49.72826080970117
0,1211,1,2,49.728260809700906,49.72826080970117
0,768,1,4,58.471119356486334,5502.825213867622
0,1212,0,2,48.86938670721126,50.47625741518641
0,1214,1,2,48.86938670721126,52.36545921801553
0,769,0,4,58.471119356486334,5527.9407922938335
0,770,1,4,57.29109282125083,5552.411934968064
0,1215,0,2,46.210080300495775,46.21008030049779
0,772,1,4,57.29109282125083,5550.230355466656
0,773,1,4,55.469847372651344,5572.708967604018
0,1225,1,2,46.210080300495775,46.21008030049779
0,774,1,4,55.469847372651344,5578.612329356754
0,776,1,1,68.6885416260792,5597.155240112987
0,778,1,4,53.70848508005295,5599.494151658706
0,777,1,1,78.0255620411129,5654.692327833325
0,1231,0,2,47.66255416765437,47.66255416765489
0,781,0,4,53.70848508005295,5643.43350642611
0,779,1,3,97.5625354596363,5671.185395946437
0,782,1,4,57.56359642388664,5640.44975711752
0,784,1,4,57.56359642388664,5664.871646661944
0,1243,1,2,47.66255416765437,47.66255416765489
0,785,1,4,62.67750125512993,5707.416348182551
0,786,1,3,97.5625354596363,5717.844934714911
0,787,1,4,62.67750125512993,5714.372160510558
0,1247,1,2,46.57865698447975,46.5786569844804
0,789,0,4,55.56758896722722,5724.307176438213
0,791,1,4,55.56758896722722,5737.770892353981
0,792,1,1,78.0255620411129,5753.197870811715
0,1255,1,2,46.57865698447975,46.5786569844804
0,794,1,3,90.67159104891566,5748.757977276015
0,796,1,1,78.15795262598056,5708.071450176418
0,1258,1,2,50.830915637030216,50.83091563703056
0,797,1,1,78.15795262598056,5734.272118743826
0,802,1,1,66.19504750906748,5707.7976605984
0,799,1,3,90.67159104891566,5759.454980608647
0,801,1,3,89.65810850572747,5738.921651634822
0,803,1,4,55.28842128856972,5690.753477473829
0,804,1,4,55.28842128856972,5716.402600966234
0,1266,1,2,50.830915637030216,50.83091563703056
0,1268,1,2,47.78844272600385,47.78844272600509
0,806,1,4,52.38204322517964,5732.14632550792
0,1269,1,2,47.78844272600385,47.78844272600509
0,1270,1,2,48.559282121901646,53.26014111045879
0,807,1,1,66.19504750906748,5749.427101881507
0,805,1,3,89.65810850572747,5761.190542530874
0,1253,0,2,48.559282121901646,48.55928212190156
0,1275,1,2,47.75108326163622,47.75108326163536
0,808,1,4,52.38204322517964,5753.274499328729
0,790,0,4,55.12622056798442,5759.165466342507
0,810,0,4,55.12622056798442,5755.184545974353
0,1278,1,2,47.75108326163622,47.75108326163536
0,812,1,4,53.49980873724905,5766.167738929662
0,1281,1,2,51.257113005237606,51.25711300523835
0,813,1,4,53.49980873724905,5777.508549157186
0,1283,0,2,51.257113005237606,51.25711300523835
0,809,1,1,71.00845252271071,5815.57774218271
0,814,1,4,56.372708891356226,5819.274684490518
0,815,1,4,56.372708891356226,5833.547234297341
0,816,1,4,57.46826400472423,5847.0850964327055
0,820,1,1,71.00845252271071,5867.307350558909
0,1285,1,2,47.28223161564756,47.282231615647106
0,821,1,4,57.46826400472423,5872.54243729924
0,1289,1,2,47.28223161564756,47.282231615647106
0,819,1,3,92.08506655918697,5897.406192967446
0,823,1,4,58.115641363047345,5853.358130169769
0,1294,1,2,49.677663484434056,49.67766348443365
0,825,1,4,58.115641363047345,5857.420803440578
0,1293,0,2,49.677663484434056,49.67766348443365
0,1296,0,2,45.937633498446154,46.76306321521588
0,818,0,4,56.57608578589898,5879.878184456924
0,824,1,1,76.5359394849221,5913.277944015594
0,1301,1,2,45.937633498446154,45.9376334984463
0,826,1,1,76.5359394849221,5931.344361054884
0,831,1,4,56.57608578589898,5932.550420750387
0,1308,1,2,51.22480475326936,51.22480475327029
0,828,1,1,72.97248503322433,5977.736402441722
0,832,1,3,92.08506655918697,5954.986203347466
0,1312,1,2,51.22480475326936,51.22480475327029
0,829,0,4,51.62248290129385,5972.046977451206
0,1313,1,2,46.8349971299213,50.47198310656677
0,830,1,1,72.97248503322433,6015.969079061189
0,835,1,4,51.62248290129385,5988.918678602788
0,838,1,4,58.66172896051704,6002.296932628113
0,1317,1,2,46.8349971299213,46.83499712992125
0,1310,0,2,50.37174565157082,50.371745651569654
0,1318,1,2,50.37174565157082,50.371745651569654
0,1321,1,2,48.63601506446437,48.63601506446503
0,839,1,4,58.66172896051704,6006.837315404009
0,840,1,4,56.74348121071438,6017.877318291736
0,1322,1,2,48.63601506446437,48.63601506446503
0,841,1,4,56.74348121071438,6038.138356656673
0,843,1,4,53.74074186433961,6035.259508274881
0,1328,0,2,49.5729051686558,49.57290516865578
0,844,0,4,53.74074186433961,6046.582451744407
0,848,1,4,53.112970254768534,6000.702386276236
0,847,0,4,53.112970254768534,6011.142339166543
0,1334,1,2,49.5729051686558,49.57290516865578
0,849,1,4,54.52727186587909,6036.210175214512
0,1331,0,2,43.402243154643074,43.40224315464366
0,851,1,4,54.52727186587909,6055.667426301323
0,850,0,4,55.09676592083176,6067.993668442297
0,1341,1,2,43.402243154643074,43.40224315464366
0,853,0,4,55.09676592083176,6092.04400455042
0,852,1,4,51.8163649486753,6115.390448092141
0,857,1,4,51.8163649486753,6109.174098044259
0,1349,1,2,46.34578007672467,46.345780076722804
0,856,1,3,95.18690241914933,6162.244856359348
0,858,1,4,56.67536461270315,6131.039256258306
0,860,1,4,56.67536461270315,6133.834545404547
0,1353,1,2,46.34578007672467,46.345780076722804
0,861,1,1,75.65711749606936,6151.252781207189
0,1357,1,2,49.81075613772779,49.810756137729186
0,863,1,4,57.245325227717466,6153.37492257948
0,1359,1,2,49.81075613772779,49.810756137729186
0,1360,1,2,47.69290735582101,47.69290735582035
